기준년도,기준월,지가변동률,KB주택매매가격지수,KB주택전세가격지수,아파트매매실거래가격지수,아파트매매가격지수,아파트전세가격지수,아파트월세통합가격지수,한국은행 기준금리,정부대출금리,국민주택채권1종(5년),현금통화량,중앙은행 대 예금취급기관부채,가계 통화량,기업 통화량,금융기관 통화량,기타 통화량,  주택담보대출-예금취급기관,    주택담보대출-예금은행,    주택담보대출-비은행예금취급기관,주택담보대출 - 주택금융공사 및 주택도시기금,뉴스심리지수,경제심리지수(원계열),경제심리지수(순환변동치),소비자물가지수(총지수),소비자물가지수(주택임차료),소비자물가지수(전세),소비자물가지수(월세),생산자물가지수,수입물가지수,수출물가지수,기대인플레이션
2015,6,0.229,57.244,71.024,81.4,76.7,83.6,98.2,1.5,1.932,2.230136364,69520.6,49926.8,1161882.1,544064.4,369760.2,104098.2,457614.5,372218.5,85396,100119.3,101.01,91.3,97.7,94.909,95.85,92.304,100.092,100.82,101.51,102.08,2.5
2015,7,0.242,57.512,71.576,82.5,77.1,84.2,98.2,1.5,1.704,2.235304348,70657.3,53507.7,1168494,555483.2,368363.2,109503.3,458250,372423.7,85826.3,106297.5,103.04,95.4,97.3,95.08,96.013,92.591,100.102,100.45,102.06,101.64,2.5
2015,8,0.223,57.829,72.11,83.2,77.6,84.8,98.2,1.5,1.704,2.1044,71783.5,49670,1175067.6,563162.8,367241.8,109841.1,464677.1,378604.9,86072.2,106285.8,95.59,97,97,95.213,96.176,92.886,100.102,99.83,102.69,101.22,2.5
2015,9,0.22,58.252,72.807,83.9,78.1,85.7,98.4,1.5,1.704,1.982,72309.8,53218.2,1180848.8,571384.8,359294.8,112687.4,470243,383681.7,86561.3,107249.6,100.85,96.7,96.6,94.966,96.311,93.117,100.122,99.39,101.88,100.6,2.4
2015,10,0.241,58.54,73.234,84.4,78.6,86.5,98.5,1.5,1.627,1.907952381,74275.9,51053.5,1188269.6,570135.6,357954.8,114369.9,477560.6,390388,87172.6,107433.9,109.97,97.1,96.2,94.966,96.445,93.349,100.142,98.71,97.99,97.49,2.4
2015,11,0.236,58.938,73.854,84.8,79.1,87.4,98.5,1.5,1.627,2.053904762,74680.7,53814.8,1193534,575431.4,359427.2,114171.8,482916.4,395124.5,87791.9,108309.1,106.35,96.8,95.7,94.786,96.608,93.607,100.182,98.32,96.93,95.81,2.4
2015,12,0.239,59.125,74.216,84.4,79.4,88.1,98.5,1.5,1.627,2.058227273,75355.6,53340.5,1200372.9,578971.1,350291,115265.9,490826.1,401728.5,89097.6,107603.3,101.51,93.7,95.1,95.07,96.809,93.922,100.232,98.09,97,94.78,2.4
2016,1,0.187,59.192,74.486,84.2,79.5,88.4,98.5,1.5,1.664,1.915,76837.2,53688.4,1207873.6,582373,358327.3,118176.5,492905.1,403236.3,89668.8,108782.3,96.31,93.6,94.6,95.232,96.973,94.18,100.282,97.56,97.38,93.32,2.4
2016,2,0.176,59.279,74.735,84.4,79.5,88.6,98.5,1.5,1.664,1.719777778,77847.3,52671.9,1215032.7,586614.4,368982.4,117924.8,494445.9,404133.9,90311.9,110591,94.62,92.5,94.3,95.64,97.078,94.337,100.322,97.56,98.15,94.79,2.4
2016,3,0.208,59.321,74.948,84.5,79.5,88.7,98.5,1.5,1.664,1.738954545,78463.2,54785.5,1221500.5,591382.8,360590.3,119774.7,498294.2,407110.8,91183.4,112053.9,103.9,94.1,94.2,95.393,97.241,94.606,100.362,97.5,96.96,94.88,2.5
2016,4,0.225,59.391,75.12,84.8,79.6,88.8,98.5,1.5,1.602,1.6894,79412.6,55746.2,1227368,596577.9,354781.4,120808.9,503768.8,411100.1,92668.7,112693.2,100.9,96.8,94.4,95.573,97.347,94.772,100.382,97.74,94.11,93.14,2.5
2016,5,0.257,59.557,75.311,85.5,79.7,89,98.5,1.5,1.602,1.6577,80244.5,56250.5,1235274.3,598554.5,363478,121708.9,509365.1,415638.8,93726.3,112824.8,96.89,95.1,94.7,95.63,97.481,94.984,100.432,97.86,96.37,96.37,2.5
2016,6,0.275,59.795,75.515,86.6,80,89.3,98.4,1.25,1.602,1.497095238,81265.9,55893.7,1237504.6,609282.5,366682.6,122320.1,515249.6,420111.5,95138.1,113156.2,91.43,94.8,95.2,95.611,97.625,95.225,100.442,98.09,96.52,97.11,2.4
2016,7,0.282,60.12,75.696,87.9,80.3,89.5,98.4,1.25,1.453,1.337904762,82116,55425.9,1242793,611719.7,372284.3,123510.8,521200.5,424800.9,96399.6,114004.2,105.13,95.9,95.7,95.431,97.778,95.456,100.502,97.98,94.47,94.41,2.4
2016,8,0.272,60.457,75.824,89.2,80.6,89.7,98.3,1.25,1.453,1.352318182,82776.1,56715.3,1249090.5,617266.3,382009,127292.1,527287.5,429553.4,97734.2,115131.9,98.47,97.8,96.2,95.677,97.912,95.705,100.502,98.07,92.73,92.73,2.3
2016,9,0.273,60.72,75.965,90.4,80.9,89.9,98.3,1.25,1.453,1.451947368,83740.8,57324.3,1256100.9,621177.1,372837.6,128635.1,530809,433556,97253,116664.9,90.23,97.8,96.6,96.247,98.027,95.927,100.492,98.3,93.46,92.89,2.4
2016,10,0.286,61.156,76.205,91.6,81.5,90.1,98.3,1.25,1.402,1.5657,84484,56725,1261597.3,620210,373341.8,132953.3,536140.4,437032.9,99107.6,119067.7,91.28,96.2,96.8,96.379,98.123,96.103,100.492,98.59,96.61,96.93,2.4
2016,11,0.254,61.559,76.412,91.8,81.9,90.4,98.3,1.25,1.402,1.9195,85086.4,58242.6,1268797.9,623656.3,376523.9,134959.2,542494,441460.5,101033.5,120826.4,91.37,96,97,96.237,98.277,96.325,100.552,99.03,100.28,99.28,2.5
2016,12,0.239,61.62,76.512,91.2,82,90.5,98.2,1.25,1.402,2.062409091,85676,57879.1,1277551.2,625767.9,370896,137589.4,545839.6,442564.1,103275.4,122932.8,94.28,93.8,97.3,96.342,98.469,96.667,100.562,99.9,103.38,103.46,2.4
2017,1,0.191,61.638,76.558,91,82,90.6,98.2,1.25,1.522,1.99035,85371.8,58492.9,1284548.1,623968.8,372809.9,139909,545880.7,441232.5,104648.2,125173,98.57,96.1,97.5,97.366,98.613,96.898,100.552,101.35,104.63,105.75,2.7
2017,2,0.232,61.661,76.579,91,82.1,90.6,98.2,1.25,1.522,2.0237,90574.4,59547.8,1295910.8,619606.4,372392.8,140422,547746,441641.6,106104.4,126786.7,98.16,97.9,97.9,97.632,98.785,97.156,100.622,101.74,103.15,103.51,2.7
2017,3,0.322,61.723,76.611,91.7,82.2,90.8,98.2,1.25,1.522,2.075272727,87977.1,56814.6,1301968,621094.6,369585.4,142971.3,550692.5,443167.6,107525,128073.7,100.8,100.4,98.4,97.565,98.948,97.452,100.612,101.7,101.79,101.29,2.6
2017,4,0.333,61.808,76.669,92,82.5,91,98.2,1.25,1.44,2.03125,89141.4,60690.3,1309299.6,623868,373588.1,142471,553204.1,444431.2,108772.9,130054.2,114.5,100,98.8,97.442,99.092,97.757,100.582,101.48,102.48,101.72,2.6
2017,5,0.509,61.944,76.754,93.4,82.8,91.2,98.2,1.25,1.44,2.070526316,90021.6,59963.1,1315419.9,624538.1,376333.5,145057,556528.9,446450.8,110078.1,131642.3,116.12,100.9,99.4,97.546,99.265,97.997,100.672,101.21,101.26,100.28,2.6
2017,6,0.492,62.472,76.997,95.3,83.7,91.6,98.2,1.25,1.44,2.029904762,90798,59975,1321682.6,628625.5,373940.1,146626.3,560141.5,449425.5,110715.9,133072.8,111.73,100.3,99.9,97.338,99.341,98.164,100.662,100.81,101.01,99.07,2.5
2017,7,0.484,63.009,77.269,97.7,84.1,91.8,98.2,1.25,1.386,2.095761905,91639.3,60350.3,1329943.4,627899.2,364252.1,147834.2,563446.4,452073.2,111373.2,135695.5,111.66,99.6,100.4,97.499,99.399,98.33,100.612,100.89,102.15,99.57,2.5
2017,8,0.397,63.671,77.543,98,84.6,92.1,98.2,1.25,1.386,2.155409091,92486.4,60159.1,1336628.7,635184.3,363695.2,148715.2,566589.7,454539,112050.7,137215.9,95.99,100.7,100.9,98.058,99.466,98.487,100.572,101.35,102.73,101.13,2.5
2017,9,0.317,63.766,77.667,98.3,84.6,92.2,98.2,1.25,1.386,2.164285714,95332.8,60636,1340014.4,640172.9,356323.6,150538.3,570079.2,457427.9,112651.3,138524.1,101.38,99.3,101.2,98.172,99.514,98.589,100.552,102.03,103.91,102.92,2.6
2017,10,0.278,64.05,77.811,99.4,84.8,92.3,98.2,1.25,1.362,2.379875,93828.8,62480.9,1351766.8,645062.4,356858,148042.4,572997.6,459715.6,113282.1,139769.4,110.12,102.4,101.4,98.077,99.543,98.672,100.522,102.14,104.45,103.5,2.6
2017,11,0.334,64.447,77.97,100,85.2,92.5,98.2,1.5,1.362,2.519272727,95673.2,61514.7,1353894.4,648615,362943.6,153573.1,575798.6,462086.8,113711.8,140506.6,117.43,102.4,101.5,97.347,99.639,98.839,100.532,102.04,102.82,103.25,2.5
2017,12,0.345,64.873,78.104,101,85.9,92.7,98.2,1.5,1.362,2.46125,96011.6,62816.2,1357085.9,655661.9,358890.2,154464.4,578312.9,464208.5,114104.5,141398.4,109.52,102.3,101.3,97.698,99.648,98.894,100.492,102.09,101.27,102.53,2.5
2018,1,0.417,65.602,78.247,103,87,92.9,98.2,1.5,1.638,2.598681818,96740.9,60734,1361356.7,672405.4,372695.6,153960.5,579043.6,465097.3,113946.3,141859,113.18,99.7,100.9,98.106,99.725,99.051,100.482,102.52,101.04,103.37,2.5
2018,2,0.417,66.249,78.341,104.8,88.2,93.1,98.3,1.5,1.638,2.702944444,96860.8,63014.6,1362481.5,677762.1,379917,155590.1,580327,466588.2,113738.8,142450.8,105.26,101.2,100.4,98.855,99.792,99.171,100.472,102.95,102.27,103.84,2.5
2018,3,0.44,67.08,78.433,106.1,88.9,93,98.2,1.5,1.638,2.688142857,98355.4,62599.3,1373701,674395.6,375615.1,152808.3,582392.9,468822.8,113570.1,143717,103.55,98.1,99.8,98.751,99.821,99.282,100.422,102.91,100.82,104.39,2.5
2018,4,0.302,67.624,78.427,107.4,89.2,92.7,98.1,1.5,1.651,2.61152381,98403.5,63450,1375667.2,678597.7,379965.5,156661,583879.7,470447.7,113432,144869.3,105.34,100.1,99.3,98.931,99.859,99.402,100.382,103.04,101,105.53,2.5
2018,5,0.36,67.893,78.372,107.9,89.4,92.3,97.9,1.5,1.651,2.69085,98973.5,62229.9,1380359.8,682884.4,387124.6,157579.8,585506,472394.1,113112,146093.1,105.84,102.1,98.9,98.979,99.898,99.486,100.352,103.34,102.75,108.64,2.5
2018,6,0.424,68.158,78.343,108.6,89.6,92.1,97.8,1.5,1.651,2.603263158,99570.7,64717.3,1386712.3,684753.2,388758,159728.9,587660.8,474866.4,112794.3,147071.1,101.89,100.2,98.4,98.779,99.898,99.55,100.292,103.37,103.55,110.01,2.6
2018,7,0.563,68.518,78.37,110.3,89.9,92.1,97.8,1.5,1.652,2.489818182,100157.4,65244.4,1390894.3,689057.5,392418.4,163397.9,589421.2,477140.3,112280.9,148043.7,91.27,95.9,97.9,98.59,99.917,99.606,100.262,103.85,106.14,111.5,2.6
2018,8,0.613,69.318,78.507,115,90.7,92.4,97.9,1.5,1.652,2.355909091,100771.7,65488.3,1391927.1,692897.2,400948.2,165391.2,592145.6,480367.1,111778.5,148484,96.4,97,97.5,99.462,99.936,99.661,100.242,104.32,106.09,111.18,2.6
2018,9,0.681,71.976,78.973,121.5,92.3,92.7,98,1.5,1.652,2.244705882,100669.3,68119.7,1394992,697614.4,386556.3,167034.8,594816.2,483501.3,111314.8,149266.2,101.19,99.5,97,100.221,99.936,99.689,100.212,104.62,106.3,113.03,2.7
2018,10,0.69,73.3,79.35,122.4,92.9,92.9,98,1.5,1.685,2.297380952,102500.9,67434.5,1399129.2,708982.6,397046.3,166216.2,597077.5,485916.3,111161.2,150903.5,87.17,95.2,96.6,100.041,99.946,99.726,100.202,104.26,106.82,115.02,2.6
2018,11,0.609,73.589,79.444,120.7,92.9,92.9,98,1.75,1.685,2.183363636,102979.3,66989.1,1403666.8,712748.1,406530.5,165844.5,601108.9,490357.5,110751.4,150986,93.76,94.1,96.1,99.33,99.955,99.754,100.182,103.53,103.48,109.36,2.5
2018,12,0.433,73.669,79.368,119.1,92.8,92.7,97.9,1.75,1.685,1.98815,103740.7,69813.2,1408729.9,718489,404838.8,165991.3,604487.7,494265.4,110222.3,151499.4,92.42,94.7,95.8,98.988,99.936,99.781,100.122,103.03,100.61,105.31,2.5
2019,1,0.388,73.659,79.288,117.9,92.4,92.2,97.7,1.75,1.851,1.967181818,104631,67434.5,1414895.1,731925.3,415252.3,166988.2,605242.9,496332.7,108910.2,152109.5,97.41,91.9,95.5,98.884,99.926,99.781,100.092,102.92,99.23,105.14,2.4
2019,2,0.275,73.591,79.018,117.1,92.1,91.6,97.5,1.75,1.851,1.947,105184.1,69088.1,1421025.1,725890.6,418223.8,168460.2,606385,498588.3,107796.7,152649.6,96.01,97.4,95.3,99.311,99.917,99.8,100.052,103.02,99.65,107.47,2.4
2019,3,0.329,73.467,78.795,116.1,91.7,91,97.4,1.75,1.851,1.9183,106143.2,68192.6,1428614.3,734423.2,419623.8,167980.8,608003.8,501292.6,106711.2,153158.9,95.88,96.5,95.1,99.121,99.879,99.8,99.972,103.38,99.84,109.28,2.4
2019,4,0.378,73.361,78.665,116.1,91.4,90.7,97.3,1.75,1.867,1.847,106713.1,69974.2,1433453.9,731541.2,422121.7,174377.1,610359.1,504400.6,105958.6,154013.5,101.83,97.8,95,99.481,99.84,99.772,99.912,103.68,100.51,111.21,2.2
2019,5,0.445,73.316,78.588,117.3,91.2,90.6,97.2,1.75,1.867,1.795142857,107210.3,69902.9,1443034.8,734882.2,424418.5,178305.2,612316.8,507066.4,105250.4,154461.5,94.9,94.2,94.9,99.652,99.811,99.744,99.872,103.79,103.07,113.57,2.3
2019,6,0.44,73.261,78.529,119.7,91.1,90.5,97.2,1.75,1.867,1.607,107841.2,70744.2,1444116.2,741730,429095.2,179223.5,614818.2,510274.6,104543.6,155377.6,94.98,94.8,94.7,99.491,99.744,99.67,99.832,103.5,100.79,109.36,2.2
2019,7,0.484,73.531,78.553,122.2,91.2,90.5,97.2,1.5,1.696,1.481826087,108415.8,68624.8,1451275.4,750352.7,427970.7,179110.2,618163.6,514389,103774.7,155130.4,89.41,92,94.5,99.187,99.725,99.643,99.822,103.5,100.44,110.23,2.2
2019,8,0.485,73.828,78.645,123.9,91.3,90.7,97.3,1.5,1.696,1.258142857,109457.7,72047.4,1460421.2,756403.8,436037.7,178557.2,622183.7,519236.6,102947.1,155086.7,83.19,91.2,94.2,99.425,99.696,99.615,99.792,103.74,101.81,111.01,2.1
2019,9,0.491,74.158,78.747,125.3,91.5,90.8,97.3,1.5,1.696,1.440894737,110714.5,70878.7,1470820.9,763176.1,438049.7,177940.5,625423.3,523288.6,102134.7,155024,95.29,94.2,93.7,99.794,99.696,99.615,99.792,103.8,100.96,110.73,1.9
2019,10,0.483,74.587,78.934,127.2,92,91.1,97.4,1.25,1.393,1.555952381,111338.8,71834.2,1477346.8,768668.2,444253.8,181316.4,629655.5,528219.9,101435.5,154610.8,92.9,93.1,92.7,100.041,99.706,99.615,99.812,103.56,98.87,108.14,1.8
2019,11,0.489,75.007,79.1,129.5,92.7,91.5,97.4,1.25,1.393,1.704428571,112464.6,71422.3,1488221.4,775606.2,449906.4,179688.1,633098,532475.7,100622.3,155271.3,104.19,94.5,91.1,99.481,99.715,99.624,99.812,103.41,96.74,107.11,1.8
2019,12,0.475,75.81,79.399,131.8,93.8,92,97.6,1.25,1.393,1.611904762,113888.4,73238.2,1498239.5,788562.3,450928.7,176868,633745.4,533966.4,99778.9,159194.8,105.8,95,88.7,99.719,99.735,99.633,99.842,103.7,97.41,108.83,1.8
2020,1,0.457,76.315,79.681,132.8,94.2,92.7,97.7,1.25,1.432,1.5846,115075.7,75299.9,1509900.2,792393.2,456128.8,177215.8,634283,535576.6,98706.4,161904.3,102.15,97.6,85.4,100.09,99.79,99.7,99.89,104.08,96.75,107.94,1.8
2020,2,0.425,76.708,79.885,134.7,94.3,92.9,97.8,1.25,1.432,1.4627,117658.2,73116.8,1517745,778315.5,466232.3,178786.2,635282.9,537423.4,97859.4,167896.4,81.69,89.7,81.7,100.16,99.81,99.73,99.9,103.74,97.63,106.39,1.8
2020,3,0.342,77.269,80.032,135.7,94.4,93.1,97.8,0.75,1.432,1.395636364,118547.2,77234.9,1523419.7,821403.3,460994.2,179571.6,639598.1,542650.8,96947.3,168865,70.61,68.5,77.9,99.94,99.83,99.76,99.92,102.82,96.08,100.7,1.8
2020,4,0.306,77.388,80.087,134.6,94.3,93.2,97.9,0.75,1.096,1.41185,120799,77171.8,1528971.4,843263.5,470965.6,175071.1,644393,547830.4,96562.6,169249.2,80.02,61.4,75.1,99.5,99.86,99.8,99.93,101.93,94,95.01,1.8
2020,5,0.336,77.388,80.133,135.3,94.1,93.2,97.9,0.5,1.096,1.301,123187.3,79190.9,1545275.2,856830.1,477696.3,176721.5,646587.4,550427.7,96159.7,171157.3,90.21,63.6,73.7,99.44,99.88,99.85,99.92,101.96,94.46,98.82,1.7
2020,6,0.374,77.788,80.416,140.2,94.3,93.5,97.9,0.5,1.096,1.282181818,125180.5,80672.4,1557954.5,867282.7,480226.8,170361.6,648637.7,552884.1,95753.5,174454.3,98.89,68.2,73.9,99.71,99.91,99.89,99.93,102.48,95.01,101.26,1.7
2020,7,0.428,79.452,81.22,147.4,95.3,93.9,98,0.5,0.712,1.24573913,127075.8,81116.9,1572666,875907.1,482604.6,163890.2,650528.7,555095,95433.7,176779.3,106.24,76.7,75.4,99.63,99.96,99.97,99.95,102.71,95.08,100.42,1.7
2020,8,0.419,81.083,82.177,152.1,95.8,94.5,98.2,0.5,0.712,1.23065,128672.9,80853.5,1577701.4,877839.8,481104.3,165279.2,655593.2,560484.7,95108.5,177447.7,99.54,82.9,77.8,100.19,100.03,100.04,100.01,103.22,95.03,99.34,1.8
2020,9,0.398,82.701,83.896,154.2,96.1,95.1,98.3,0.5,0.712,1.328285714,129934.1,83109.4,1575243.9,886416.3,483757.9,165657.3,661496.1,566533.7,94962.3,177961.4,99.46,77.4,80.7,100.74,100.09,100.11,100.06,103.42,94.99,98.23,1.9
2020,10,0.375,83.317,85.035,155.5,96.2,95.5,98.5,0.5,0.736,1.340157895,130760.4,83565.3,1593422.7,897291.8,493661,167450.4,667676.2,572652.9,95023.2,178575.1,104.95,88.6,84,100.18,100.19,100.25,100.11,103.01,92.73,96.06,1.9
2020,11,0.405,84.6,87.388,158.3,96.4,96.3,98.7,0.5,0.736,1.422095238,133436.8,86411.5,1601175.3,912410.8,497397.5,168962.2,673694.6,578314.4,95380.2,179114.8,113.06,91.7,87.3,100.09,100.28,100.38,100.16,103.09,92.3,96.05,1.8
2020,12,0.437,85.713,89.124,161.7,96.6,97.2,99.1,0.5,0.736,1.463409091,135301.8,86044,1610836.8,921901.2,492895.3,171765.4,679641.6,583896.8,95744.8,179795.8,113.75,85.5,90.6,100.33,100.37,100.5,100.22,103.9,92.84,98.02,1.8
2021,1,0.408,87.087,90.48,166.8,97,97.9,99.4,0.5,0.756,1.4585,137459.5,86624.9,1617873.2,941999.4,506175.9,174542.3,683967.6,587962.3,96005.4,180667,114.42,92.6,93.7,101.04,100.46,100.62,100.27,105.05,94.89,101.64,1.8
2021,2,0.418,88.48,91.476,169.1,97.7,98.5,99.6,0.5,0.756,1.471111111,138076,88938.9,1626704.4,954562.4,520387.9,175204.7,691012.6,594234.2,96778.4,180846.5,107.39,96.5,96.6,101.58,100.64,100.85,100.38,105.91,98.23,106.12,2
2021,3,0.432,89.658,92.208,169.7,98.1,98.9,99.7,0.5,0.756,1.687681818,140759,91900.7,1633309.2,969625.3,529342.7,177268.9,696280,598923.1,97357,182400.1,114.48,101.4,99.3,101.84,100.84,101.15,100.46,107.04,101.78,109.81,2.1
2021,4,0.446,90.512,92.723,171.1,98.6,99.1,99.7,0.5,0.601,1.736227273,141978.6,90673.5,1641126.6,990730.1,546520.9,183094.9,697883.7,599967.5,97916.2,186149.9,119.96,105.6,101.6,101.98,100.98,101.35,100.53,108.06,104.46,109.56,2.1
2021,5,0.434,91.424,93.393,174.2,99,99.3,99.8,0.5,0.601,1.810789474,143187.4,91790.2,1649552.8,991529.1,562863.6,183098.7,699668.6,601658.1,98010.5,189056.1,115.99,105.5,103.5,102.05,101.14,101.59,100.6,108.65,106.39,112.81,2.1
2021,6,0.452,92.941,94.774,178.2,100,100,100,0.5,0.601,1.8575,144565.8,94333.2,1662674.8,1000770.4,558390.1,187459.1,702662.5,603710.7,98951.8,192497.3,118.94,109.6,104.9,102.05,101.25,101.73,100.67,109.22,107.4,115.88,2.2
2021,7,0.438,94.133,95.815,182.2,100.8,100.7,100.2,0.5,0.603,1.819136364,146157.9,94224.7,1672901.3,1009765.1,566289.2,190328.8,709178.1,609098.4,100079.8,193334.2,117.79,104.2,105.9,102.26,101.39,101.94,100.73,110.28,111.58,120.05,2.3
2021,8,0.433,95.633,96.876,185.7,101.7,101.4,100.4,0.75,0.603,1.784809524,147686.6,94233.5,1683778.3,1028422.2,584975.8,192906,715545.4,614403.3,101142.1,193944.3,110.09,105.4,106.5,102.75,101.58,102.2,100.82,110.86,113,121.61,2.4
2021,9,0.446,97.252,97.866,188.6,102.7,102.1,100.7,0.75,0.603,1.903789474,148710.3,94943.1,1700003,1037100,575084.3,196019.6,721956.2,620159.7,101796.5,193768.6,106.64,104.9,107,103.17,101.76,102.47,100.9,111.27,114.38,124.4,2.4
2021,10,0.432,98.269,98.344,189.2,103.5,102.7,101.1,0.75,0.87,2.256368421,151988.2,97347.7,1715599.3,1041109.7,585951,197713.2,727403.7,625136.6,102267.1,193663.2,104.63,106.2,107.2,103.35,101.93,102.71,100.99,112.43,116.93,130.92,2.4
2021,11,0.429,99.31,99.246,185.7,104.1,103.2,101.3,1,0.87,2.310227273,153908.4,99126.6,1730834,1050670,605556.6,195341,731633.9,627727.2,103906.7,193886.4,111.12,107,107.2,103.87,102.18,103.02,101.16,113.23,115.84,129.63,2.7
2021,12,0.418,99.768,99.696,183,104.4,103.5,101.6,1,0.87,2.144086957,155757.5,98452.6,1745443,1072279.7,608841.8,193585,734478.6,629561.9,104916.6,194556.8,111.83,105,107,104.04,102.42,103.35,101.28,113.21,114.43,127.04,2.7
2022,1,0.368,100,100,182.1,104.4,103.5,101.8,1.25,1.1,2.4164,157467.8,100512.5,1749577,1066957,636045.7,193158.4,736612.2,630939.6,105672.6,195080,103.44,106,106.5,104.85,102.56,103.54,101.36,114.4,115.8,132.67,2.7
2022,2,0.347,100.092,100.109,180.3,104.3,103.4,101.8,1.25,1.1,2.631722222,158896.4,97799.9,1763148.9,1070603,638394.9,195309.6,737710.4,631589.1,106121.2,196227.9,103.82,106.3,105.8,105.42,102.72,103.72,101.49,114.95,118.32,138.73,2.8
2022,3,0.359,100.147,100.087,182.2,104.2,103.3,101.9,1.25,1.1,2.73347619,160681.9,100059.2,1777350.7,1079985.7,614723.1,196947.1,738759.9,632170.2,106589.7,197701.6,103.81,103.9,105,106.1,102.88,103.97,101.54,116.7,125.6,149.23,2.9
2022,4,0.378,100.256,100.152,183.8,104.2,103.2,102,1.5,1.316,3.221809524,161864.5,101838.8,1791389.4,1081604.6,602720.4,199099.1,741116.5,633523.9,107592.6,198777.8,104.88,106.3,104,106.83,102.98,104.15,101.56,118.59,127.45,148.38,3.2
2022,5,0.414,100.469,100.412,181.2,104.2,103.2,102,1.75,1.316,3.288095238,162898.7,101792.1,1804048.9,1092773.3,609696.6,205849.2,741250.8,633552.2,107698.7,199998.3,103.36,107.2,102.8,107.5,103.13,104.37,101.6,119.43,131.32,154,3.4
2022,6,0.404,100.603,100.579,181.2,104.1,103.1,102.1,1.75,1.316,3.70475,164215.7,99248,1820334,1093762,593242.6,212852.4,743743.8,634447.6,109296.2,200894.4,84.33,103.1,101.5,108.21,103.22,104.52,101.62,120.1,132.61,154.87,4
2022,7,0.383,100.638,100.641,173.9,103.9,103,102.2,2.25,1.912,3.393142857,164969.9,106332.9,1831709.5,1097313.5,588172.1,210907.9,745017.4,635231,109786.3,201976.5,91.26,98.2,100.1,108.73,103.33,104.7,101.66,120.44,129.35,150.78,5.1
2022,8,0.342,100.492,100.5,168.7,103.4,102.7,102.3,2.5,1.912,3.385045455,165514.3,99636.3,1847647.3,1096294.2,593149.3,212478,746966.4,636329.7,110636.7,202158.2,97.95,99.5,98.7,108.63,103.46,104.87,101.74,119.98,127.64,149.46,5.1
2022,9,0.205,100.297,100.308,164.5,102.6,102.1,102.4,2.5,1.912,4.0271,165620.9,99762.8,1858432,1105420.7,581107.1,210930.8,748963.9,637605.7,111358.2,201553.9,85.89,98.3,97.3,108.82,103.58,105.02,101.84,120.06,131.24,154.51,5.1
2022,10,0.005,99.627,99.642,156.6,101.4,100.6,102.6,3,2.808,4.521526316,165904.5,103439.8,1866397.4,1110840.5,571490.9,216176,751143.4,639286.1,111857.2,201100.8,79.77,95.4,96,109.16,103.65,105.14,101.86,120.68,132.74,156.3,5.2
2022,11,-0.088,98.216,97.462,148.1,99.3,97.7,102.5,3.25,2.808,4.388136364,164699.2,98801.4,1880190.3,1114660.2,574662,221763.2,752309,640797,111512,201268.5,88.34,91.6,94.8,109.07,103.77,105.29,101.92,120.29,125.51,147.72,5.1
2022,12,-0.094,96.81,94.259,142.6,96.3,93,102.1,3.25,2.808,3.929318182,163515.9,99786.6,1893116.1,1103080.1,574459.6,223473.5,754831.1,644132.4,110698.6,201118.6,83.07,91.9,93.8,109.26,103.84,105.35,102.01,119.79,117.83,138.11,5
2023,1,-0.072,94.784,90.504,144.4,94.6,88.8,101.5,3.5,3.544,3.64275,162526.8,96925,1908248.6,1095307.2,574249.2,223965.8,754332.7,644376.6,109956.1,201493.4,93.73,90.4,93.2,110.07,103.91,105.42,102.07,120.25,114.37,135.2,5
2023,2,-0.043,93.65,88.125,147.2,93.6,85.8,101,3.5,3.544,3.60855,163518.8,97432.6,1922317.1,1107272.8,578079.5,221745.7,753305.4,643859.3,109446,203530.1,97.5,91.5,92.7,110.33,103.9,105.37,102.12,120.46,115.25,137.82,5.2
2023,3,-0.008,92.553,86.543,149.5,92.9,84.1,100.6,3.5,3.544,3.601,163277.7,95069.4,1934701.9,1088966,560228.5,226504.9,750175.6,642032.4,108143.2,210016.1,94.11,91.7,92.6,110.52,103.85,105.2,102.21,120.59,117.79,138.87,5.1
2023,4,-0.004,91.656,85.473,151.6,92.6,83.5,100.4,3.5,3.534,3.4034,163986.7,94465.8,1950916.7,1073665,547827.2,218979.2,747879.5,640733.1,107146.4,216445.5,94.99,94.2,92.6,110.77,103.82,105.07,102.3,120.5,118.21,139.45,4.9
2023,5,0.052,90.854,84.835,153.6,92.6,83.4,100.3,3.5,3.534,3.5387,164632.9,98429.8,1957894.5,1077625.2,543070.9,216282.8,749816.8,643192.3,106624.5,218545.8,96.52,94.6,92.8,111.13,103.77,104.92,102.35,120.03,116.43,135.1,4.7
2023,6,0.065,90.595,84.73,156.4,92.7,83.5,100.4,3.5,3.534,3.761857143,165024.7,94324.1,1961106.1,1084088.7,540760,215416.4,753906.8,647830.4,106076.4,220574.3,101.76,96.1,93,111.16,103.7,104.79,102.37,119.77,112.7,129.89,4.6
2023,7,0.09,90.39,84.523,157.9,93,83.8,100.4,3.5,3.618,3.857857143,165558.9,98233.9,1971978.5,1087544.2,540109.4,216553.4,757335.5,651603.9,105731.6,222459.6,102.21,94.5,93.2,111.29,103.64,104.63,102.44,120.08,112.81,130.21,4.3
2023,8,0.144,90.339,84.554,159.8,93.4,84.3,100.5,3.5,3.618,4.000636364,166069.7,96688.8,1978401.4,1090882.2,543704.3,217368.3,760850.7,655359.9,105490.7,225372.5,99.09,94.4,93.3,112.28,103.64,104.55,102.52,121.17,117.55,135.68,4.2
2023,9,0.205,90.578,84.912,161.3,93.9,84.9,100.7,3.5,3.618,4.140842105,166495.9,94210.6,1986593.5,1088983.9,549717,216580,764776,659363.1,105412.9,227217,100.88,93.1,93.3,112.83,103.65,104.51,102.59,121.72,119.62,139.71,4.1
2023,10,0.251,90.787,85.442,160.9,94.2,85.5,100.9,3.5,3.706,4.485263158,167014.4,93734.9,2000665.8,1093846.9,548293,213162,768630.9,663516.8,105114.1,228432.2,95.5,92.1,93.2,113.26,103.66,104.48,102.65,121.56,120.34,140.9,4.1
2023,11,0.227,90.821,85.976,158.4,94.4,86.1,101.1,3.5,3.706,4.116863636,168346.8,92850.8,2010036.9,1094162.6,567108.6,210537.7,773698,668373.4,105324.6,228951.8,102.48,91.5,93.1,112.67,103.74,104.55,102.73,121.02,116.16,134.75,4.1
2023,12,0.193,90.725,86.378,156.8,94.2,86.6,101.3,3.5,3.706,3.63595,169889.5,92115.7,2022328.3,1096946.4,574186.4,218533.9,777710.2,672110.2,105600.1,229964,103.49,91.4,93,112.71,103.74,104.47,102.81,121.19,114.95,132.52,3.9
2024,1,0.157,90.551,86.767,157.3,94.1,86.8,101.4,3.5,3.623,3.544454545,171846.7,94800.5,2024019.7,1098681.5,582792.5,221553,782854.4,677310.6,105543.8,229162.7,99.61,91.5,92.9,113.15,103.74,104.42,102.87,121.83,118.51,135.87,3.8
2024,2,0.158,90.442,87.009,158.3,93.9,87,101.6,3.5,3.623,3.575578947,171202.3,94887.4,2036747.7,1092754.8,587592.9,223368.6,786666.7,681875.9,104790.8,229996.2,107.89,93.3,92.7,113.77,103.77,104.41,102.95,122.21,120.39,137.24,3.8
